s,o
http://www.ppbenchmark.com/v+1,http://www.ppbenchmark.com/v+2
http://www.ppbenchmark.com/v+1,http://www.ppbenchmark.com/v+3
http://www.ppbenchmark.com/v+2,http://www.ppbenchmark.com/v+3
http://www.ppbenchmark.com/v1,http://www.ppbenchmark.com/v1
http://www.ppbenchmark.com/v2,http://www.ppbenchmark.com/v2
http://www.ppbenchmark.com/v3,http://www.ppbenchmark.com/v3
http://www.ppbenchmark.com/v4,http://www.ppbenchmark.com/v4
http://www.ppbenchmark.com/v5,http://www.ppbenchmark.com/v5
http://www.ppbenchmark.com/v6,http://www.ppbenchmark.com/v6
http://www.ppbenchmark.com/v7,http://www.ppbenchmark.com/v7
http://www.ppbenchmark.com/v8,http://www.ppbenchmark.com/v8
http://www.ppbenchmark.com/v9,http://www.ppbenchmark.com/v9
http://www.ppbenchmark.com/v+1,http://www.ppbenchmark.com/v+1
http://www.ppbenchmark.com/v+2,http://www.ppbenchmark.com/v+2
http://www.ppbenchmark.com/v+3,http://www.ppbenchmark.com/v+3
http://www.ppbenchmark.com/v+4,http://www.ppbenchmark.com/v+4
http://www.ppbenchmark.com/v+5,http://www.ppbenchmark.com/v+5
http://www.ppbenchmark.com/v+6,http://www.ppbenchmark.com/v+6
